-- MySQL dump 10.13  Distrib 8.0.36, for Win64 (x86_64)
--
-- Host: localhost    Database: little_lemon
-- ------------------------------------------------------
-- Server version	8.0.36

/*!40101 SET @OLD_CHARACTER_SET_CLIENT=@@CHARACTER_SET_CLIENT */;
/*!40101 SET @OLD_CHARACTER_SET_RESULTS=@@CHARACTER_SET_RESULTS */;
/*!40101 SET @OLD_COLLATION_CONNECTION=@@COLLATION_CONNECTION */;
/*!50503 SET NAMES utf8 */;
/*!40103 SET @OLD_TIME_ZONE=@@TIME_ZONE */;
/*!40103 SET TIME_ZONE='+00:00' */;
/*!40014 SET @OLD_UNIQUE_CHECKS=@@UNIQUE_CHECKS, UNIQUE_CHECKS=0 */;
/*!40014 SET @OLD_FOREIGN_KEY_CHECKS=@@FOREIGN_KEY_CHECKS, FOREIGN_KEY_CHECKS=0 */;
/*!40101 SET @OLD_SQL_MODE=@@SQL_MODE, SQL_MODE='NO_AUTO_VALUE_ON_ZERO' */;
/*!40111 SET @OLD_SQL_NOTES=@@SQL_NOTES, SQL_NOTES=0 */;

--
-- Current Database: `little_lemon`
--

CREATE DATABASE /*!32312 IF NOT EXISTS*/ `little_lemon` /*!40100 DEFAULT CHARACTER SET utf8mb3 */ /*!80016 DEFAULT ENCRYPTION='N' */;

USE `little_lemon`;

--
-- Table structure for table `bookings`
--

DROP TABLE IF EXISTS `bookings`;
/*!40101 SET @saved_cs_client     = @@character_set_client */;
/*!50503 SET character_set_client = utf8mb4 */;
CREATE TABLE `bookings` (
  `BookingID` int NOT NULL,
  `Date` datetime NOT NULL,
  `TableNumber` int NOT NULL,
  `CustomerID` int NOT NULL,
  `StaffID` int NOT NULL,
  PRIMARY KEY (`BookingID`),
  KEY `staff_id_fk_idx2` (`StaffID`),
  KEY `customer_id_fk_idx2` (`CustomerID`),
  CONSTRAINT `customer_id_fk2` FOREIGN KEY (`CustomerID`) REFERENCES `customer` (`CustomerID`) ON DELETE CASCADE ON UPDATE CASCADE,
  CONSTRAINT `staff_id_fk2` FOREIGN KEY (`StaffID`) REFERENCES `staff` (`StaffID`) ON DELETE CASCADE ON UPDATE CASCADE
) ENGINE=InnoDB DEFAULT CHARSET=utf8mb3;
/*!40101 SET character_set_client = @saved_cs_client */;

--
-- Dumping data for table `bookings`
--

LOCK TABLES `bookings` WRITE;
/*!40000 ALTER TABLE `bookings` DISABLE KEYS */;
/*!40000 ALTER TABLE `bookings` ENABLE KEYS */;
UNLOCK TABLES;

--
-- Table structure for table `customer`
--

DROP TABLE IF EXISTS `customer`;
/*!40101 SET @saved_cs_client     = @@character_set_client */;
/*!50503 SET character_set_client = utf8mb4 */;
CREATE TABLE `customer` (
  `CustomerID` int NOT NULL,
  `FullName` varchar(255) NOT NULL,
  `PhoneNumber` int NOT NULL,
  PRIMARY KEY (`CustomerID`)
) ENGINE=InnoDB DEFAULT CHARSET=utf8mb3;
/*!40101 SET character_set_client = @saved_cs_client */;

--
-- Dumping data for table `customer`
--

LOCK TABLES `customer` WRITE;
/*!40000 ALTER TABLE `customer` DISABLE KEYS */;
/*!40000 ALTER TABLE `customer` ENABLE KEYS */;
UNLOCK TABLES;

--
-- Table structure for table `delivery`
--

DROP TABLE IF EXISTS `delivery`;
/*!40101 SET @saved_cs_client     = @@character_set_client */;
/*!50503 SET character_set_client = utf8mb4 */;
CREATE TABLE `delivery` (
  `DeliveryID` int NOT NULL,
  `DeliveryDate` datetime NOT NULL,
  `Status` varchar(255) NOT NULL,
  PRIMARY KEY (`DeliveryID`)
) ENGINE=InnoDB DEFAULT CHARSET=utf8mb3;
/*!40101 SET character_set_client = @saved_cs_client */;

--
-- Dumping data for table `delivery`
--

LOCK TABLES `delivery` WRITE;
/*!40000 ALTER TABLE `delivery` DISABLE KEYS */;
/*!40000 ALTER TABLE `delivery` ENABLE KEYS */;
UNLOCK TABLES;

--
-- Table structure for table `menu`
--

DROP TABLE IF EXISTS `menu`;
/*!40101 SET @saved_cs_client     = @@character_set_client */;
/*!50503 SET character_set_client = utf8mb4 */;
CREATE TABLE `menu` (
  `MenuID` int NOT NULL,
  `Cuisines` varchar(255) DEFAULT NULL,
  `Starters` varchar(255) DEFAULT NULL,
  `Courses` varchar(255) DEFAULT NULL,
  `Drinks` varchar(255) DEFAULT NULL,
  `Desserts` varchar(255) DEFAULT NULL,
  PRIMARY KEY (`MenuID`)
) ENGINE=InnoDB DEFAULT CHARSET=utf8mb3;
/*!40101 SET character_set_client = @saved_cs_client */;

--
-- Dumping data for table `menu`
--

LOCK TABLES `menu` WRITE;
/*!40000 ALTER TABLE `menu` DISABLE KEYS */;
/*!40000 ALTER TABLE `menu` ENABLE KEYS */;
UNLOCK TABLES;

--
-- Table structure for table `orders`
--

DROP TABLE IF EXISTS `orders`;
/*!40101 SET @saved_cs_client     = @@character_set_client */;
/*!50503 SET character_set_client = utf8mb4 */;
CREATE TABLE `orders` (
  `OrderID` int NOT NULL,
  `OrderDate` datetime NOT NULL,
  `Quantity` int NOT NULL,
  `TotalCost` decimal(10,0) NOT NULL,
  `StaffID` int NOT NULL,
  `DeliveryID` int NOT NULL,
  `MenuID` int NOT NULL,
  `BookingID` int NOT NULL,
  PRIMARY KEY (`OrderID`),
  KEY `staff_id_fk_idx3` (`StaffID`),
  KEY `delivery_id_fk_idx3` (`DeliveryID`),
  KEY `menu_id_fk_idx3` (`MenuID`),
  KEY `booking_id_fk_idx3` (`BookingID`),
  CONSTRAINT `booking_id_fk3` FOREIGN KEY (`BookingID`) REFERENCES `bookings` (`BookingID`),
  CONSTRAINT `delivery_id_fk3` FOREIGN KEY (`DeliveryID`) REFERENCES `delivery` (`DeliveryID`) ON DELETE CASCADE ON UPDATE CASCADE,
  CONSTRAINT `menu_id_fk3` FOREIGN KEY (`MenuID`) REFERENCES `menu` (`MenuID`),
  CONSTRAINT `staff_id_fk3` FOREIGN KEY (`StaffID`) REFERENCES `staff` (`StaffID`) ON DELETE CASCADE ON UPDATE CASCADE
) ENGINE=InnoDB DEFAULT CHARSET=utf8mb3;
/*!40101 SET character_set_client = @saved_cs_client */;

--
-- Dumping data for table `orders`
--

LOCK TABLES `orders` WRITE;
/*!40000 ALTER TABLE `orders` DISABLE KEYS */;
/*!40000 ALTER TABLE `orders` ENABLE KEYS */;
UNLOCK TABLES;

--
-- Table structure for table `staff`
--

DROP TABLE IF EXISTS `staff`;
/*!40101 SET @saved_cs_client     = @@character_set_client */;
/*!50503 SET character_set_client = utf8mb4 */;
CREATE TABLE `staff` (
  `StaffID` int NOT NULL,
  `StaffName` varchar(255) NOT NULL,
  `Role` varchar(255) NOT NULL,
  `Salary` varchar(255) NOT NULL,
  PRIMARY KEY (`StaffID`)
) ENGINE=InnoDB DEFAULT CHARSET=utf8mb3;
/*!40101 SET character_set_client = @saved_cs_client */;

--
-- Dumping data for table `staff`
--

LOCK TABLES `staff` WRITE;
/*!40000 ALTER TABLE `staff` DISABLE KEYS */;
/*!40000 ALTER TABLE `staff` ENABLE KEYS */;
UNLOCK TABLES;

--
-- Dumping events for database 'little_lemon'
--

--
-- Dumping routines for database 'little_lemon'
--

--
-- Current Database: `littlelemondb`
--

CREATE DATABASE /*!32312 IF NOT EXISTS*/ `littlelemondb` /*!40100 DEFAULT CHARACTER SET utf8mb3 */ /*!80016 DEFAULT ENCRYPTION='N' */;

USE `littlelemondb`;

--
-- Table structure for table `bookings`
--

DROP TABLE IF EXISTS `bookings`;
/*!40101 SET @saved_cs_client     = @@character_set_client */;
/*!50503 SET character_set_client = utf8mb4 */;
CREATE TABLE `bookings` (
  `BookingID` int NOT NULL AUTO_INCREMENT,
  `BookingDate` datetime NOT NULL,
  `TableNumber` int NOT NULL,
  `CustomerID` int NOT NULL,
  `EmployeeID` int NOT NULL,
  PRIMARY KEY (`BookingID`)
) ENGINE=InnoDB AUTO_INCREMENT=100 DEFAULT CHARSET=utf8mb3;
/*!40101 SET character_set_client = @saved_cs_client */;

--
-- Dumping data for table `bookings`
--

LOCK TABLES `bookings` WRITE;
/*!40000 ALTER TABLE `bookings` DISABLE KEYS */;
INSERT INTO `bookings` VALUES (1,'2022-01-10 00:00:00',3,3,1),(2,'2022-01-10 00:00:00',1,4,2),(3,'2022-01-10 00:00:00',1,1,3),(4,'2022-01-10 00:00:00',4,2,4),(5,'2022-01-10 00:00:00',6,6,6),(6,'2022-01-10 00:00:00',5,5,5);
/*!40000 ALTER TABLE `bookings` ENABLE KEYS */;
UNLOCK TABLES;

--
-- Table structure for table `customers`
--

DROP TABLE IF EXISTS `customers`;
/*!40101 SET @saved_cs_client     = @@character_set_client */;
/*!50503 SET character_set_client = utf8mb4 */;
CREATE TABLE `customers` (
  `CustomerID` int NOT NULL AUTO_INCREMENT,
  `FullName` varchar(200) DEFAULT NULL,
  `ContactNumber` int DEFAULT NULL,
  `Email` varchar(100) DEFAULT NULL,
  PRIMARY KEY (`CustomerID`)
) ENGINE=InnoDB AUTO_INCREMENT=7 DEFAULT CHARSET=utf8mb3;
/*!40101 SET character_set_client = @saved_cs_client */;

--
-- Dumping data for table `customers`
--

LOCK TABLES `customers` WRITE;
/*!40000 ALTER TABLE `customers` DISABLE KEYS */;
INSERT INTO `customers` VALUES (1,'Vanessa McCarthy',111111,NULL),(2,'Marcos Romero',222222,NULL),(3,'Anna Iversen',333333,NULL),(4,'Joakim Iversen',444444,NULL),(5,'Diana Pinto',555555,NULL),(6,'Hiroki Yamane',666666,NULL);
/*!40000 ALTER TABLE `customers` ENABLE KEYS */;
UNLOCK TABLES;

--
-- Table structure for table `employees`
--

DROP TABLE IF EXISTS `employees`;
/*!40101 SET @saved_cs_client     = @@character_set_client */;
/*!50503 SET character_set_client = utf8mb4 */;
CREATE TABLE `employees` (
  `EmployeeID` int NOT NULL AUTO_INCREMENT,
  `Name` varchar(200) DEFAULT NULL,
  `Role` varchar(100) DEFAULT NULL,
  `Address` varchar(200) DEFAULT NULL,
  `Contact_Number` int DEFAULT NULL,
  `Email` varchar(100) DEFAULT NULL,
  `Annual_Salary` int DEFAULT NULL,
  PRIMARY KEY (`EmployeeID`)
) ENGINE=InnoDB AUTO_INCREMENT=7 DEFAULT CHARSET=utf8mb3;
/*!40101 SET character_set_client = @saved_cs_client */;

--
-- Dumping data for table `employees`
--

LOCK TABLES `employees` WRITE;
/*!40000 ALTER TABLE `employees` DISABLE KEYS */;
INSERT INTO `employees` VALUES (1,'Mario Gollini','Manager','724, Parsley Lane, Old Town, Chicago, IL',351258074,'Mario.g@littlelemon.com',70000),(2,'Adrian Gollini','Assistant Manager','334, Dill Square, Lincoln Park, Chicago, IL',351474048,'Adrian.g@littlelemon.com',65000),(3,'Giorgos Dioudis','Head Chef','879 Sage Street, West Loop, Chicago, IL',351970582,'Giorgos.d@littlelemon.com',50000),(4,'Fatma Kaya','Assistant Chef','132  Bay Lane, Chicago, IL',351963569,'Fatma.k@littlelemon.com',45000),(5,'Elena Salvai','Head Waiter','989 Thyme Square, EdgeWater, Chicago, IL',351074198,'Elena.s@littlelemon.com',40000),(6,'John Millar','Receptionist','245 Dill Square, Lincoln Park, Chicago, IL',351584508,'John.m@littlelemon.com',35000);
/*!40000 ALTER TABLE `employees` ENABLE KEYS */;
UNLOCK TABLES;

--
-- Table structure for table `menuitems`
--

DROP TABLE IF EXISTS `menuitems`;
/*!40101 SET @saved_cs_client     = @@character_set_client */;
/*!50503 SET character_set_client = utf8mb4 */;
CREATE TABLE `menuitems` (
  `MenuItemsID` int NOT NULL AUTO_INCREMENT,
  `CourseName` varchar(100) DEFAULT NULL,
  `StarterName` varchar(100) DEFAULT NULL,
  `Price` int NOT NULL,
  PRIMARY KEY (`MenuItemsID`)
) ENGINE=InnoDB AUTO_INCREMENT=17 DEFAULT CHARSET=utf8mb3;
/*!40101 SET character_set_client = @saved_cs_client */;

--
-- Dumping data for table `menuitems`
--

LOCK TABLES `menuitems` WRITE;
/*!40000 ALTER TABLE `menuitems` DISABLE KEYS */;
INSERT INTO `menuitems` VALUES (1,'Olives','Starters',5),(2,'Flatbread','Starters',5),(3,'Minestrone','Starters',8),(4,'Tomato bread','Starters',8),(5,'Falafel','Starters',7),(6,'Hummus','Starters',5),(7,'Kabasa','Main Courses',17),(8,'Greek salad','Main Courses',15),(9,'Bean soup','Main Courses',12),(10,'Pizza','Main Courses',15),(11,'Greek yoghurt','Desserts',7),(12,'Ice cream','Desserts',6),(13,'Cheesecake','Desserts',4),(14,'Athens White wine','Drinks',25),(15,'Corfu Red Wine','Drinks',30),(16,'Turkish Coffee','Drinks',10);
/*!40000 ALTER TABLE `menuitems` ENABLE KEYS */;
UNLOCK TABLES;

--
-- Table structure for table `menus`
--

DROP TABLE IF EXISTS `menus`;
/*!40101 SET @saved_cs_client     = @@character_set_client */;
/*!50503 SET character_set_client = utf8mb4 */;
CREATE TABLE `menus` (
  `MenuID` int NOT NULL,
  `MenuItemsID` int DEFAULT NULL,
  `Cuisine` varchar(100) DEFAULT NULL,
  PRIMARY KEY (`MenuID`),
  KEY `menuitem_id_fk_idx` (`MenuItemsID`),
  CONSTRAINT `menuitems_id_fk` FOREIGN KEY (`MenuItemsID`) REFERENCES `menuitems` (`MenuItemsID`) ON DELETE CASCADE ON UPDATE CASCADE
) ENGINE=InnoDB DEFAULT CHARSET=utf8mb3;
/*!40101 SET character_set_client = @saved_cs_client */;

--
-- Dumping data for table `menus`
--

LOCK TABLES `menus` WRITE;
/*!40000 ALTER TABLE `menus` DISABLE KEYS */;
INSERT INTO `menus` VALUES (1,1,'Greek'),(2,7,'Greek'),(3,10,'Greek'),(4,13,'Greek'),(5,3,'Italian'),(6,9,'Italian'),(7,12,'Italian'),(8,15,'Italian'),(9,5,'Turkish'),(10,16,'Turkish'),(11,11,'Turkish'),(12,16,'Turkish');
/*!40000 ALTER TABLE `menus` ENABLE KEYS */;
UNLOCK TABLES;

--
-- Table structure for table `orders`
--

DROP TABLE IF EXISTS `orders`;
/*!40101 SET @saved_cs_client     = @@character_set_client */;
/*!50503 SET character_set_client = utf8mb4 */;
CREATE TABLE `orders` (
  `OrderID` int NOT NULL,
  `MenuID` int DEFAULT NULL,
  `CustomerID` int DEFAULT NULL,
  `Quantity` int NOT NULL,
  `TotalCost` int DEFAULT NULL,
  PRIMARY KEY (`OrderID`),
  KEY `menuid_fk_idx` (`MenuID`),
  KEY `customer_id_fk_idx` (`CustomerID`),
  CONSTRAINT `customer_id_fk` FOREIGN KEY (`CustomerID`) REFERENCES `customers` (`CustomerID`) ON DELETE CASCADE ON UPDATE CASCADE,
  CONSTRAINT `menu_id_fk` FOREIGN KEY (`MenuID`) REFERENCES `menus` (`MenuID`) ON DELETE CASCADE ON UPDATE CASCADE
) ENGINE=InnoDB DEFAULT CHARSET=utf8mb3;
/*!40101 SET character_set_client = @saved_cs_client */;

--
-- Dumping data for table `orders`
--

LOCK TABLES `orders` WRITE;
/*!40000 ALTER TABLE `orders` DISABLE KEYS */;
INSERT INTO `orders` VALUES (1,1,3,5,250),(2,2,4,5,200),(3,2,1,3,100),(4,3,2,4,150),(5,1,6,2,90),(6,4,5,1,60);
/*!40000 ALTER TABLE `orders` ENABLE KEYS */;
UNLOCK TABLES;

--
-- Temporary view structure for view `ordersview`
--

DROP TABLE IF EXISTS `ordersview`;
/*!50001 DROP VIEW IF EXISTS `ordersview`*/;
SET @saved_cs_client     = @@character_set_client;
/*!50503 SET character_set_client = utf8mb4 */;
/*!50001 CREATE VIEW `ordersview` AS SELECT 
 1 AS `OrderID`,
 1 AS `Quantity`,
 1 AS `TotalCost`*/;
SET character_set_client = @saved_cs_client;

--
-- Temporary view structure for view `ordersview2`
--

DROP TABLE IF EXISTS `ordersview2`;
/*!50001 DROP VIEW IF EXISTS `ordersview2`*/;
SET @saved_cs_client     = @@character_set_client;
/*!50503 SET character_set_client = utf8mb4 */;
/*!50001 CREATE VIEW `ordersview2` AS SELECT 
 1 AS `CustomerID`,
 1 AS `FullName`,
 1 AS `OrderID`,
 1 AS `TotalCost`,
 1 AS `Cuisine`,
 1 AS `CourseName`*/;
SET character_set_client = @saved_cs_client;

--
-- Dumping events for database 'littlelemondb'
--

--
-- Dumping routines for database 'littlelemondb'
--
/*!50003 DROP PROCEDURE IF EXISTS `AddBooking` */;
/*!50003 SET @saved_cs_client      = @@character_set_client */ ;
/*!50003 SET @saved_cs_results     = @@character_set_results */ ;
/*!50003 SET @saved_col_connection = @@collation_connection */ ;
/*!50003 SET character_set_client  = utf8mb4 */ ;
/*!50003 SET character_set_results = utf8mb4 */ ;
/*!50003 SET collation_connection  = utf8mb4_0900_ai_ci */ ;
/*!50003 SET @saved_sql_mode       = @@sql_mode */ ;
/*!50003 SET sql_mode              = 'ONLY_FULL_GROUP_BY,STRICT_TRANS_TABLES,NO_ZERO_IN_DATE,NO_ZERO_DATE,ERROR_FOR_DIVISION_BY_ZERO,NO_ENGINE_SUBSTITUTION' */ ;
DELIMITER ;;
CREATE DEFINER=`root`@`localhost` PROCEDURE `AddBooking`(IN AddBookingID INT, IN AddBookingDate DATE, IN AddTableNo INT, IN AddCustomerID INT, IN AddEmployeeNum INT)
BEGIN
INSERT INTO Bookings (BookingID, BookingDate, TableNumber, CustomerID, EmployeeID)
VALUES (AddBookingID, AddBookingDate, AddTableNo, AddCustomerID, AddEmployeeNum);
-- SELECT CONCAT("NO Confirmation Message", AddBookingID) AS Confirmation;
END ;;
DELIMITER ;
/*!50003 SET sql_mode              = @saved_sql_mode */ ;
/*!50003 SET character_set_client  = @saved_cs_client */ ;
/*!50003 SET character_set_results = @saved_cs_results */ ;
/*!50003 SET collation_connection  = @saved_col_connection */ ;
/*!50003 DROP PROCEDURE IF EXISTS `CancelBooking` */;
/*!50003 SET @saved_cs_client      = @@character_set_client */ ;
/*!50003 SET @saved_cs_results     = @@character_set_results */ ;
/*!50003 SET @saved_col_connection = @@collation_connection */ ;
/*!50003 SET character_set_client  = utf8mb4 */ ;
/*!50003 SET character_set_results = utf8mb4 */ ;
/*!50003 SET collation_connection  = utf8mb4_0900_ai_ci */ ;
/*!50003 SET @saved_sql_mode       = @@sql_mode */ ;
/*!50003 SET sql_mode              = 'ONLY_FULL_GROUP_BY,STRICT_TRANS_TABLES,NO_ZERO_IN_DATE,NO_ZERO_DATE,ERROR_FOR_DIVISION_BY_ZERO,NO_ENGINE_SUBSTITUTION' */ ;
DELIMITER ;;
CREATE DEFINER=`root`@`localhost` PROCEDURE `CancelBooking`(IN CancelID INT)
BEGIN
DELETE FROM Bookings WHERE BookingID = CancelID;
-- SELECT CONCAT("No confirmation message ",CancelID) AS Confirmation FROM Bookings;
END ;;
DELIMITER ;
/*!50003 SET sql_mode              = @saved_sql_mode */ ;
/*!50003 SET character_set_client  = @saved_cs_client */ ;
/*!50003 SET character_set_results = @saved_cs_results */ ;
/*!50003 SET collation_connection  = @saved_col_connection */ ;
/*!50003 DROP PROCEDURE IF EXISTS `CheckBooking` */;
/*!50003 SET @saved_cs_client      = @@character_set_client */ ;
/*!50003 SET @saved_cs_results     = @@character_set_results */ ;
/*!50003 SET @saved_col_connection = @@collation_connection */ ;
/*!50003 SET character_set_client  = utf8mb4 */ ;
/*!50003 SET character_set_results = utf8mb4 */ ;
/*!50003 SET collation_connection  = utf8mb4_0900_ai_ci */ ;
/*!50003 SET @saved_sql_mode       = @@sql_mode */ ;
/*!50003 SET sql_mode              = 'ONLY_FULL_GROUP_BY,STRICT_TRANS_TABLES,NO_ZERO_IN_DATE,NO_ZERO_DATE,ERROR_FOR_DIVISION_BY_ZERO,NO_ENGINE_SUBSTITUTION' */ ;
DELIMITER ;;
CREATE DEFINER=`root`@`localhost` PROCEDURE `CheckBooking`(booking_date DATE, table_number INT)
BEGIN
DECLARE bookedTable INT DEFAULT 0;
 SELECT COUNT(bookedTable)
    INTO bookedTable
    FROM Bookings WHERE BookingDate = booking_date and TableNumber = table_number;
    IF bookedTable > 0 THEN
      SELECT CONCAT( "Table ", table_number, " is already booked.") AS "Booking status";
      ELSE 
      SELECT CONCAT( "Table ", table_number, " is not booked.") AS "Booking status";
    END IF;
END ;;
DELIMITER ;
/*!50003 SET sql_mode              = @saved_sql_mode */ ;
/*!50003 SET character_set_client  = @saved_cs_client */ ;
/*!50003 SET character_set_results = @saved_cs_results */ ;
/*!50003 SET collation_connection  = @saved_col_connection */ ;
/*!50003 DROP PROCEDURE IF EXISTS `GetMaxQuantity` */;
/*!50003 SET @saved_cs_client      = @@character_set_client */ ;
/*!50003 SET @saved_cs_results     = @@character_set_results */ ;
/*!50003 SET @saved_col_connection = @@collation_connection */ ;
/*!50003 SET character_set_client  = utf8mb4 */ ;
/*!50003 SET character_set_results = utf8mb4 */ ;
/*!50003 SET collation_connection  = utf8mb4_0900_ai_ci */ ;
/*!50003 SET @saved_sql_mode       = @@sql_mode */ ;
/*!50003 SET sql_mode              = 'ONLY_FULL_GROUP_BY,STRICT_TRANS_TABLES,NO_ZERO_IN_DATE,NO_ZERO_DATE,ERROR_FOR_DIVISION_BY_ZERO,NO_ENGINE_SUBSTITUTION' */ ;
DELIMITER ;;
CREATE DEFINER=`root`@`localhost` PROCEDURE `GetMaxQuantity`()
SELECT MAX(Quantity) AS "Max Quantity in Order"
FROM Orders ;;
DELIMITER ;
/*!50003 SET sql_mode              = @saved_sql_mode */ ;
/*!50003 SET character_set_client  = @saved_cs_client */ ;
/*!50003 SET character_set_results = @saved_cs_results */ ;
/*!50003 SET collation_connection  = @saved_col_connection */ ;
/*!50003 DROP PROCEDURE IF EXISTS `MakeBooking` */;
/*!50003 SET @saved_cs_client      = @@character_set_client */ ;
/*!50003 SET @saved_cs_results     = @@character_set_results */ ;
/*!50003 SET @saved_col_connection = @@collation_connection */ ;
/*!50003 SET character_set_client  = utf8mb4 */ ;
/*!50003 SET character_set_results = utf8mb4 */ ;
/*!50003 SET collation_connection  = utf8mb4_0900_ai_ci */ ;
/*!50003 SET @saved_sql_mode       = @@sql_mode */ ;
/*!50003 SET sql_mode              = 'ONLY_FULL_GROUP_BY,STRICT_TRANS_TABLES,NO_ZERO_IN_DATE,NO_ZERO_DATE,ERROR_FOR_DIVISION_BY_ZERO,NO_ENGINE_SUBSTITUTION' */ ;
DELIMITER ;;
CREATE DEFINER=`root`@`localhost` PROCEDURE `MakeBooking`(booking_id INT, booking_date date, customer_id INT, table_no int)
BEGIN
INSERT INTO Bookings (BookingID, BookingDate, TableNumber, CustomerID) 
VALUES (booking_id, booking_date, table_no, customer_id);
-- SELECT "New booking added" AS "Confirmation";
END ;;
DELIMITER ;
/*!50003 SET sql_mode              = @saved_sql_mode */ ;
/*!50003 SET character_set_client  = @saved_cs_client */ ;
/*!50003 SET character_set_results = @saved_cs_results */ ;
/*!50003 SET collation_connection  = @saved_col_connection */ ;
/*!50003 DROP PROCEDURE IF EXISTS `UpdateBooking` */;
/*!50003 SET @saved_cs_client      = @@character_set_client */ ;
/*!50003 SET @saved_cs_results     = @@character_set_results */ ;
/*!50003 SET @saved_col_connection = @@collation_connection */ ;
/*!50003 SET character_set_client  = utf8mb4 */ ;
/*!50003 SET character_set_results = utf8mb4 */ ;
/*!50003 SET collation_connection  = utf8mb4_0900_ai_ci */ ;
/*!50003 SET @saved_sql_mode       = @@sql_mode */ ;
/*!50003 SET sql_mode              = 'ONLY_FULL_GROUP_BY,STRICT_TRANS_TABLES,NO_ZERO_IN_DATE,NO_ZERO_DATE,ERROR_FOR_DIVISION_BY_ZERO,NO_ENGINE_SUBSTITUTION' */ ;
DELIMITER ;;
CREATE DEFINER=`root`@`localhost` PROCEDURE `UpdateBooking`(IN TableNumber INT, IN BookingDate Date)
UPDATE Bookings
SET BookingDate = BookingDate
WHERE TableNumber = TableNumber ;;
DELIMITER ;
/*!50003 SET sql_mode              = @saved_sql_mode */ ;
/*!50003 SET character_set_client  = @saved_cs_client */ ;
/*!50003 SET character_set_results = @saved_cs_results */ ;
/*!50003 SET collation_connection  = @saved_col_connection */ ;

--
-- Current Database: `little_lemon`
--

USE `little_lemon`;

--
-- Current Database: `littlelemondb`
--

USE `littlelemondb`;

--
-- Final view structure for view `ordersview`
--

/*!50001 DROP VIEW IF EXISTS `ordersview`*/;
/*!50001 SET @saved_cs_client          = @@character_set_client */;
/*!50001 SET @saved_cs_results         = @@character_set_results */;
/*!50001 SET @saved_col_connection     = @@collation_connection */;
/*!50001 SET character_set_client      = utf8mb4 */;
/*!50001 SET character_set_results     = utf8mb4 */;
/*!50001 SET collation_connection      = utf8mb4_0900_ai_ci */;
/*!50001 CREATE ALGORITHM=UNDEFINED */
/*!50013 DEFINER=`root`@`localhost` SQL SECURITY DEFINER */
/*!50001 VIEW `ordersview` AS select `orders`.`OrderID` AS `OrderID`,`orders`.`Quantity` AS `Quantity`,`orders`.`TotalCost` AS `TotalCost` from `orders` where (`orders`.`Quantity` > 2) */;
/*!50001 SET character_set_client      = @saved_cs_client */;
/*!50001 SET character_set_results     = @saved_cs_results */;
/*!50001 SET collation_connection      = @saved_col_connection */;

--
-- Final view structure for view `ordersview2`
--

/*!50001 DROP VIEW IF EXISTS `ordersview2`*/;
/*!50001 SET @saved_cs_client          = @@character_set_client */;
/*!50001 SET @saved_cs_results         = @@character_set_results */;
/*!50001 SET @saved_col_connection     = @@collation_connection */;
/*!50001 SET character_set_client      = utf8mb4 */;
/*!50001 SET character_set_results     = utf8mb4 */;
/*!50001 SET collation_connection      = utf8mb4_0900_ai_ci */;
/*!50001 CREATE ALGORITHM=UNDEFINED */
/*!50013 DEFINER=`root`@`localhost` SQL SECURITY DEFINER */
/*!50001 VIEW `ordersview2` AS select `c`.`CustomerID` AS `CustomerID`,`c`.`FullName` AS `FullName`,`o`.`OrderID` AS `OrderID`,`o`.`TotalCost` AS `TotalCost`,`m`.`Cuisine` AS `Cuisine`,`mi`.`CourseName` AS `CourseName` from (((`orders` `o` join `customers` `c` on((`o`.`CustomerID` = `c`.`CustomerID`))) join `menus` `m` on((`o`.`MenuID` = `m`.`MenuID`))) join `menuitems` `mi` on((`m`.`MenuItemsID` = `mi`.`MenuItemsID`))) where (`o`.`TotalCost` > 150) order by `o`.`TotalCost` */;
/*!50001 SET character_set_client      = @saved_cs_client */;
/*!50001 SET character_set_results     = @saved_cs_results */;
/*!50001 SET collation_connection      = @saved_col_connection */;
/*!40103 SET TIME_ZONE=@OLD_TIME_ZONE */;

/*!40101 SET SQL_MODE=@OLD_SQL_MODE */;
/*!40014 SET FOREIGN_KEY_CHECKS=@OLD_FOREIGN_KEY_CHECKS */;
/*!40014 SET UNIQUE_CHECKS=@OLD_UNIQUE_CHECKS */;
/*!40101 SET CHARACTER_SET_CLIENT=@OLD_CHARACTER_SET_CLIENT */;
/*!40101 SET CHARACTER_SET_RESULTS=@OLD_CHARACTER_SET_RESULTS */;
/*!40101 SET COLLATION_CONNECTION=@OLD_COLLATION_CONNECTION */;
/*!40111 SET SQL_NOTES=@OLD_SQL_NOTES */;

-- Dump completed on 2024-02-17 17:34:08
